{
	"modification_date": 1761948495,
	"OS": [
		"7514893112aac1a97fabf66ee66ba9a0b4ba1389",
		"bb752a3245f7350e8d9ea7d1e682d90fe437fcfb",
		"ad7d14a33a8e65fbf406880891ef0d2591c7e70c",
		"03cded3eb55deec9ef401f7d7ba78e9edc93e01c"
	],
	"phones": {
		"iPhone 12": {
			"FH": [
				1,
				1,
				1
			],
			"LC": [
				1.34676236998879,
				1.3152250960452,
				1.29462238602554
			],
			"LL": [
				1.3449604544336,
				1.31632843571876,
				1.29822218955581
			],
			"RC": [
				1.59995146355748,
				1.55884824350726,
				1.5253227199395
			],
			"RL": [
				1.62905556805178,
				1.58440077960332,
				1.54321441310578
			],
			"FoV": 58.5
		},
		"iPhone 12 Pro": {
			"FH": [
				1,
				1,
				1
			],
			"LC": [
				0.941700435041488,
				0.927710105893709,
				0.969679737667234
			],
			"LL": [
				0.925700801961623,
				0.922140451630052,
				0.961761523444201
			],
			"RC": [
				1.17707171312374,
				1.15740129850499,
				1.21913412282105
			],
			"RL": [
				1.20139891200972,
				1.18647071618357,
				1.23960898972911
			],
			"FoV": 58.5
		},
		"iPhone 12 Pro Max": {
			"FH": [
				1,
				1,
				1
			],
			"LC": [
				0.876793386554019,
				0.846171512132675,
				0.844697368364906
			],
			"LL": [
				0.8891493858771,
				0.859480342206129,
				0.862725293480021
			],
			"RC": [
				1.09533873908648,
				1.06658616279103,
				1.06837091153614
			],
			"RL": [
				1.1181399465419,
				1.08869943078573,
				1.08830952522217
			],
			"FoV": 58.5
		},
		"iPhone 13": {
			"FH": [
				1,
				1,
				1
			],
			"LC": [
				1,
				1,
				1
			],
			"LL": [
				1,
				1,
				1
			],
			"RC": [
				1,
				1,
				1
			],
			"RL": [
				1,
				1,
				1
			],
			"FoV": 57.5
		},
		"iPhone 13 Pro": {
			"FH": [
				1,
				1,
				1
			],
			"LC": [
				0.94236778680624,
				0.9377423657281,
				0.95998730948858
			],
			"LL": [
				0.99464280394021,
				0.99225532274076,
				1.01246201307892
			],
			"RC": [
				0.83391104849702,
				0.84160432556684,
				0.84964560680938
			],
			"RL": [
				0.8730511667068,
				0.87760615436286,
				0.89524504591563
			],
			"FoV": 57.5
		},
		"iPhone 13 Pro Max": {
			"FH": [
				1,
				1,
				1
			],
			"LC": [
				0.877930610486117,
				0.861722005230045,
				0.86241713563748
			],
			"LL": [
				0.890470140751786,
				0.87798794341759,
				0.877798398448921
			],
			"RC": [
				0.899078970499802,
				0.885641785495933,
				0.886362337471538
			],
			"RL": [
				0.902658610977589,
				0.891117740802763,
				0.890401763861413
			],
			"FoV": 57.5
		},
		"iPhone 14": {
			"FH": [
				1,
				1,
				1
			],
			"LC": [
				0.907499682093789,
				0.875133344336449,
				0.918032206535036
			],
			"LL": [
				0.956273154080285,
				0.922165653687758,
				0.966384770512882
			],
			"RC": [
				0.93266273733882,
				0.909418980621781,
				0.95441459265192
			],
			"RL": [
				0.989605234097425,
				0.966294033815281,
				1.00969921174896
			],
			"FoV": 58.5
		},
		"iPhone 14 Plus": {
			"FH": [
				1,
				1,
				1
			],
			"LC": [
				0.895803330888552,
				0.879456408456442,
				0.873558998039331
			],
			"LL": [
				0.911024342403688,
				0.901638487667569,
				0.892089104013008
			],
			"RC": [
				0.920113722753702,
				0.911810274436332,
				0.901754551630692
			],
			"RL": [
				0.934562831700762,
				0.926689564750301,
				0.913921288611041
			],
			"FoV": 58.5
		},
		"iPhone 14 Pro": {
			"FH": [
				1,
				1,
				1
			],
			"LC": [
				0.833911048497023,
				0.841604325566839,
				0.849645606809375
			],
			"LL": [
				0.873051166706798,
				0.877606154362858,
				0.89524504591563
			],
			"RC": [
				0.942367786806237,
				0.937742365728103,
				0.959987309488583
			],
			"RL": [
				0.994642803940206,
				0.992255322740761,
				1.01246201307892
			],
			"FoV": 58.5
		},
		"iPhone 14 Pro Max": {
			"FH": [
				1,
				1,
				1
			],
			"LC": [
				0.732022850112648,
				0.724297678222114,
				0.721410913875618
			],
			"LL": [
				0.748468400381734,
				0.730002350064164,
				0.747357678849043
			],
			"RC": [
				0.8288661868255,
				0.791845572641087,
				0.825004071335982
			],
			"RL": [
				0.872830226004019,
				0.838410213996274,
				0.872147057374144
			],
			"FoV": 58.5
		},
		"iPhone 15": {
			"FH": [
				1,
				1,
				1
			],
			"LC": [
				0.833911048497023,
				0.841604325566839,
				0.849645606809375
			],
			"LL": [
				0.873051166706798,
				0.877606154362858,
				0.89524504591563
			],
			"RC": [
				0.942367786806237,
				0.937742365728103,
				0.959987309488583
			],
			"RL": [
				0.994642803940206,
				0.992255322740761,
				1.01246201307892
			],
			"FoV": 58.5
		},
		"iPhone 15 Plus": {
			"FH": [
				1,
				1,
				1
			],
			"LC": [
				0.739984014273571,
				0.737550161444878,
				0.760304537742348
			],
			"LL": [
				0.753577165974989,
				0.742862417290756,
				0.780882922543404
			],
			"RC": [
				0.833571587339722,
				0.811581316030423,
				0.861297321956941
			],
			"RL": [
				0.880461862275256,
				0.867744930920417,
				0.919934874649152
			],
			"FoV": 58.5
		},
		"iPhone 15 Pro": {
			"FH": [
				1,
				1,
				1
			],
			"LC": [
				0.833911048497023,
				0.841604325566839,
				0.849645606809375
			],
			"LL": [
				0.873051166706798,
				0.877606154362858,
				0.89524504591563
			],
			"RC": [
				0.942367786806237,
				0.937742365728103,
				0.959987309488583
			],
			"RL": [
				0.994642803940206,
				0.992255322740761,
				1.01246201307892
			],
			"FoV": 58.5
		},
		"iPhone 15 Pro Max": {
			"FH": [
				1,
				1,
				1
			],
			"LC": [
				0.739984014273571,
				0.737550161444878,
				0.760304537742348
			],
			"LL": [
				0.753577165974989,
				0.742862417290756,
				0.780882922543404
			],
			"RC": [
				0.833571587339722,
				0.811581316030423,
				0.861297321956941
			],
			"RL": [
				0.880461862275256,
				0.867744930920417,
				0.919934874649152
			],
			"FoV": 58.5
		},
		"iPhone 16": {
			"FH": [
				1,
				1,
				1
			],
			"LC": [
				0.833911048497023,
				0.841604325566839,
				0.849645606809375
			],
			"LL": [
				0.873051166706798,
				0.877606154362858,
				0.89524504591563
			],
			"RC": [
				0.942367786806237,
				0.937742365728103,
				0.959987309488583
			],
			"RL": [
				0.994642803940206,
				0.992255322740761,
				1.01246201307892
			],
			"FoV": 58.5
		},
		"iPhone 16 Plus": {
			"FH": [
				1,
				1,
				1
			],
			"LC": [
				0.739984014273571,
				0.737550161444878,
				0.760304537742348
			],
			"LL": [
				0.753577165974989,
				0.742862417290756,
				0.780882922543404
			],
			"RC": [
				0.833571587339722,
				0.811581316030423,
				0.861297321956941
			],
			"RL": [
				0.880461862275256,
				0.867744930920417,
				0.919934874649152
			],
			"FoV": 58.5
		},
		"iPhone 16 Pro": {
			"FH": [
				1,
				1,
				1
			],
			"LC": [
				0.785863249301571,
				0.756696519351207,
				0.803755325592144
			],
			"LL": [
				0.824652004901874,
				0.797916950457096,
				0.848087778740701
			],
			"RC": [
				0.895868677327327,
				0.861860925779061,
				0.915242565196487
			],
			"RL": [
				0.944033288775745,
				0.910963868119053,
				0.968144644845848
			],
			"FoV": 58.5
		},
		"iPhone 16 Pro Max": {
			"FH": [
				1,
				1,
				1
			],
			"LC": [
				0.672442377193784,
				0.650097763836908,
				0.651935736303589
			],
			"LL": [
				0.705034268247765,
				0.68378004043569,
				0.682915482342897
			],
			"RC": [
				0.793260542202243,
				0.763705225068376,
				0.760080865010858
			],
			"RL": [
				0.83729427114168,
				0.80626234713214,
				0.800606447357467
			],
			"FoV": 58.5
		},
		"iPhone 17 Pro": {
			"FH": [
				1,
				1,
				1
			],
			"LC": [
				1,
				1,
				1
			],
			"LL": [
				1,
				1,
				1
			],
			"RC": [
				1,
				1,
				1
			],
			"RL": [
				1,
				1,
				1
			],
			"FoV": 58.5
		},
		"iPhone 17 Pro Max": {
			"FH": [
				1,
				1,
				1
			],
			"LC": [
				1,
				1,
				1
			],
			"LL": [
				1,
				1,
				1
			],
			"RC": [
				1,
				1,
				1
			],
			"RL": [
				1,
				1,
				1
			],
			"FoV": 58.5
		},