{
  "modification_date": 1752277072,
  "ASTM_XYZD65": [
    95.047,
    100,
    108.883
  ],
  "RGBXYZTransformD65": [
    [
      0.41245643908969265,
      0.35757607764390875,
      0.18043748326639886
    ],
    [
      0.21267285140562278,
      0.7151521552878177,
      0.07217499330655958
    ],
    [
      0.01933389558232934,
      0.11919202588130301,
      0.9503040785363677
    ]
  ],
  "geo": {
    "FH": {
      "BCoefs": [
        14.700286745695154,
        0.4462253351396453
      ],
      "GCoefs": [
        30.09441950144337,
        0.2785439310646145
      ],
      "Model": [
        -3.773902260490445,
        8.006901105222965,
        0.8082284086820358,
        -0.0026530888611564127
      ],
      "RCoefs": [
        64.0331840391572,
        0.4206651238320508
      ],
      "Transform": [
        [
          0.8263888586781877,
          0.14877734349459948,
          0.0012776120085609833
        ],
        [
          -0.5815957009505713,
          -0.22628884509392239,
          -0.3570175083572806
        ],
        [
          1.3460937976227445,
          1.4895845307082878,
          1.5391787983137741
        ]
      ]
    },
    "LC": {
      "BCoefs": [
        9.991609589947652,
        0.6342602396008652
      ],
      "GCoefs": [
        21.113575177003327,
        0.4183815483236975
      ],
      "Model": [
        -4.309698066720561,
        3.1686934319210684,
        1.1868444399827076,
        0.008669559227426321
      ],
      "RCoefs": [
        49.59698197539142,
        0.6650750235911178
      ],
      "Transform": [
        [
          0.8151285784978152,
          0.05921985679940434,
          0.10763691970713644
        ],
        [
          0.4612220636281431,
          0.6209530141603498,
          -0.4409308458484294
        ],
        [
          -0.21235548456313855,
          0.4060334932042032,
          1.375022414046937
        ]
      ]
    },
    "LL": {
      "BCoefs": [
        4.595179591106583,
        0.7618668190137416
      ],
      "GCoefs": [
        10.682147697425803,
        0.5736601121532634
      ],
      "Model": [
        0.12075189982782901,
        -0.2735924067322805,
        0.4435720918394491,
        0.006257902403086912
      ],
      "RCoefs": [
        36.5628140524947,
        0.8610274465054156
      ],
      "Transform": [
        [
          0.7523188235037919,
          0.013805318078390524,
          -0.01803413218231959
        ],
        [
          0.821295037378278,
          0.7332133688024064,
          -0.008299568575584849
        ],
        [
          -0.6330952963331553,
          0.36735086662243116,
          1.0555838987877895
        ]
      ]
    },
    "RC": {
      "BCoefs": [
        7.777353962579658,
        0.6904730566966267
      ],
      "GCoefs": [
        17.565312750745928,
        0.4670081807756748
      ],
      "Model": [
        -6.038356002063901,
        4.6826756472414885,
        1.111667876336732,
        0.009570753757826022
      ],
      "RCoefs": [
        45.80206987006491,
        0.7225764226316429
      ],
      "Transform": [
        [
          1.0178845749007164,
          0.15823425986806905,
          0.25596108862675465
        ],
        [
          -0.33550488634185427,
          0.19169366602064294,
          -1.025066937937542
        ],
        [
          0.4467178159896728,
          0.787488864610499,
          1.8601620197118403
        ]
      ]
    },
    "RL": {
      "BCoefs": [
        2.5385522857251024,
        0.8107506419559677
      ],
      "GCoefs": [
        7.950022651159644,
        0.6117736175774074
      ],
      "Model": [
        1.0824091404289644,
        -1.1796755591051817,
        0.3919422712601631,
        0.005510764864319975
      ],
      "RCoefs": [
        30.70012575367645,
        0.9433507199473637
      ],
      "Transform": [
        [
          0.9916909512527178,
          0.22267574506112622,
          0.20633486585980518
        ],
        [
          -0.26839792938545093,
          -0.18837819900655808,
          -0.9712147014172986
        ],
        [
          0.4259828773477438,
          1.2491206383864766,
          1.9597594126918159
        ]
      ]
    }
  },
  "noGeo": {
    "FH": {
      "BCoefs": [
        15.359888888744512,
        0.42958153232413043
      ],
      "GCoefs": [
        30.867510346495177,
        0.268350840874856
      ],
      "Model": [4.835423548554484],
      "RCoefs": [
        65.26716258573603,
        0.40149244371380216
      ],
      "Transform": [
        [
          0.830370406082461,
          0.15149692369856207,
          0.005161806431248329
        ],
        [
          -0.6061312232810622,
          -0.24524163247676697,
          -0.37730243696719284
        ],
        [
          1.373644726658361,
          1.511837220224219,
          1.5602930634117658
        ]
      ]
    },
    "LC": {
      "BCoefs": [
        11.662925044034846,
        0.5865068286591051
      ],
      "GCoefs": [
        23.20185154087982,
        0.38722832396405676
      ],
      "Model": [1.6046242376114257],
      "RCoefs": [
        52.140221013705656,
        0.6210137003642974
      ],
      "Transform": [
        [
          1.0988430072637383,
          0.24505402826062886,
          0.26788196117000124
        ],
        [
          -0.36665241462865716,
          0.01873901511006246,
          -0.9680832170003113
        ],
        [
          0.28953747630334153,
          0.8235894900952658,
          1.7463184212676537
        ]
      ]
    },
    "LL": {
      "BCoefs": [
        7.2648171913737,
        0.6939905834413768
      ],
      "GCoefs": [
        14.661418957181882,
        0.5207858756031573
      ],
      "Model": [1.3328422923178438],
      "RCoefs": [
        41.11270363490614,
        0.7903305423682311
      ],
      "Transform": [
        [
          0.931686664627122,
          0.12501355045923498,
          0.0722882332279625
        ],
        [
          0.3049447279305558,
          0.35051186975368176,
          -0.33683741308284476
        ],
        [
          -0.29294049741786193,
          0.6739381852764059,
          1.3308738061747158
        ]
      ]
    },
    "RC": {
      "BCoefs": [
        9.681831521548814,
        0.6352635330015755
      ],
      "GCoefs": [
        20.240015306248345,
        0.42713987547190213
      ],
      "Model": [1.4522425352794135],
      "RCoefs": [
        48.884144046855795,
        0.668532786259801
      ],
      "Transform": [
        [
          1.264276539586999,
          0.32229750060255774,
          0.41208369355329333
        ],
        [
          -1.1361420781493907,
          -0.3898848138148812,
          -1.5785847271488984
        ],
        [
          1.0038684362385726,
          1.2300526318822544,
          2.2810944519042753
        ]
      ]
    },
    "RL": {
      "BCoefs": [
        5.483742751523969,
        0.7353947469835784
      ],
      "GCoefs": [
        12.446907103101564,
        0.5517124855958095
      ],
      "Model": [1.1782178618172063],
      "RCoefs": [
        36.84003516550133,
        0.8492953011593569
      ],
      "Transform": [
        [
          1.185987232381178,
          0.3457787035237557,
          0.31020590017306887
        ],
        [
          -0.8240763162052748,
          -0.5919582048100426,
          -1.3443921206407046
        ],
        [
          0.7894249181648483,
          1.558398010241041,
          2.2698957737608314
        ]
      ]
    }
  }
}
