{
  "modification_date": 1752277072,
  "ASTM_XYZD65": [
	95.047,
	100,
	108.883
  ],
  "RGBXYZTransformD65": [
	[
	  0.41245643908969265,
	  0.35757607764390875,
	  0.18043748326639886
	],
	[
	  0.21267285140562278,
	  0.7151521552878177,
	  0.07217499330655958
	],
	[
	  0.01933389558232934,
	  0.11919202588130301,
	  0.9503040785363677
	]
  ],
  "geo": {
	"FH": {
	  "BCoefs": [
		4.040441786355106,
		0.6118648937245768
	  ],
	  "GCoefs": [
		12.061797192546045,
		0.4247773845849136
	  ],
	  "Model": [
		-2.6701624808658617,
		7.1360861922937415,
		0.558128435380604,
		-0.002763525010196768
	  ],
	  "RCoefs": [
		32.05785701864218,
		0.7449581053810793
	  ],
	  "Transform": [
		[
		  0.878707259606282,
		  0.18035544598056083,
		  3.7182570577647204E-4
		],
		[
		  -0.44813529983832423,
		  -0.17493617654410692,
		  -0.25814065620811866
		],
		[
		  1.0550787835570772,
		  1.3493489604020228,
		  1.3992055840122957
		]
	  ]
	},
	"LC": {
	  "BCoefs": [
		8.481778879055303,
		0.5694873182131751
	  ],
	  "GCoefs": [
		15.389240308661261,
		0.40742016935639574
	  ],
	  "Model": [
		-4.53382176497101,
		2.822173460902551,
		0.2837024271482112,
		0.019935625239603544
	  ],
	  "RCoefs": [
		36.08566027402398,
		0.704881186316457
	  ],
	  "Transform": [
		[
		  0.832473910373105,
		  0.10333192151158915,
		  0.10259775788770237
		],
		[
		  0.48028006107767424,
		  0.42905339789872043,
		  -0.4967546914062851
		],
		[
		  -0.27391413694783706,
		  0.5784895142228995,
		  1.4689116514871865
		]
	  ]
	},
	"LL": {
	  "BCoefs": [
		3.3695869350930505,
		0.7410780665434579
	  ],
	  "GCoefs": [
		5.40728403453291,
		0.5909891387726947
	  ],
	  "Model": [
		-0.16310989359535136,
		0.1797858047498981,
		0.30849607232159637,
		0.006491491096670168
	  ],
	  "RCoefs": [
		19.721765824610696,
		1.0025739393329993
	  ],
	  "Transform": [
		[
		  0.8129463588415179,
		  0.02277230295655411,
		  -0.012485738628408703
		],
		[
		  0.991071635145792,
		  0.7515584651461965,
		  -0.008942988936023775
		],
		[
		  -1.0306486577367433,
		  0.3190462987490737,
		  1.0444687842101439
		]
	  ]
	},
	"RC": {
	  "BCoefs": [
		5.526953075188033,
		0.6571620861288836
	  ],
	  "GCoefs": [
		11.853454044217383,
		0.469743684839609
	  ],
	  "Model": [
		-7.478294281073437,
		5.052587497774639,
		1.0981455722193203,
		0.017367567073053
	  ],
	  "RCoefs": [
		32.082972833297305,
		0.7915507873700216
	  ],
	  "Transform": [
		[
		  0.928856343051391,
		  0.13154426247944923,
		  0.1962623988807582
		],
		[
		  0.01577329943260815,
		  0.30538766778357324,
		  -0.8641154405107254
		],
		[
		  0.16741810102521665,
		  0.6932356402147165,
		  1.7744555573435359
		]
	  ]
	},
	"RL": {
	  "BCoefs": [
		3.2798756795663566,
		0.7463577254294801
	  ],
	  "GCoefs": [
		4.583328562704689,
		0.6047916950432595
	  ],
	  "Model": [
		1.0187493223475765,
		-1.252593065448054,
		0.2826770439483077,
		0.0076303257109697235
	  ],
	  "RCoefs": [
		18.053736035793722,
		1.026229667549212
	  ],
	  "Transform": [
		[
		  0.9479418578179553,
		  0.1439925044920458,
		  0.13718038207816985
		],
		[
		  -0.01711457159650314,
		  -0.11724176514607115,
		  -0.9767108522091351
		],
		[
		  0.15860938197310143,
		  1.330884225112175,
		  2.1330773031129278
		]
	  ]
	}
  },
  "noGeo": {
	"FH": {
	  "BCoefs": [
		4.248015361820647,
		0.6063345822068241
	  ],
	  "GCoefs": [
		12.365335892860246,
		0.42051280077406034
	  ],
	  "Model": [4.730558630756384],
	  "RCoefs": [
		32.73147936210193,
		0.7331389567097224
	  ],
	  "Transform": [
		[
		  0.8641266121168535,
		  0.1721962797160116,
		  -0.004514744338769856
		],
		[
		  -0.4276753055487472,
		  -0.16144948706134993,
		  -0.2496453509786143
		],
		[
		  1.064492057573899,
		  1.3511275966949496,
		  1.3993931487668987
		]
	  ]
	},
	"LC": {
	  "BCoefs": [
		9.657772732943966,
		0.5134603764483936
	  ],
	  "GCoefs": [
		17.137587060758957,
		0.3672067235184624
	  ],
	  "Model": [1.9441607585255294],
	  "RCoefs": [
		38.81428293601991,
		0.6379405524976216
	  ],
	  "Transform": [
		[
		  1.0543174179781363,
		  0.23025688205818226,
		  0.2025879766825113
		],
		[
		  -0.1540185695981133,
		  0.019857364154961525,
		  -0.8423953489401393
		],
		[
		  0.0863977588487878,
		  0.8555957768897015,
		  1.7219846381022406
		]
	  ]
	},
	"LL": {
	  "BCoefs": [
		4.8920888863263325,
		0.6838076609966601
	  ],
	  "GCoefs": [
		7.946109147959808,
		0.54308121675704
	  ],
	  "Model": [1.4295243931178463],
	  "RCoefs": [
		23.45509418627468,
		0.9240243351560183
	  ],
	  "Transform": [
		[
		  0.9438011785752968,
		  0.09987225008719731,
		  0.044310885649391674
		],
		[
		  0.566796376343858,
		  0.46541448995004076,
		  -0.2316410553811086
		],
		[
		  -0.718487569507584,
		  0.5592955807437539,
		  1.239340371300516
		]
	  ]
	},
	"RC": {
	  "BCoefs": [
		7.502008265193983,
		0.5599237242601041
	  ],
	  "GCoefs": [
		15.046417563480563,
		0.3964433120758764
	  ],
	  "Model": [1.7520779848614159],
	  "RCoefs": [
		37.47190515676191,
		0.6638999986467767
	  ],
	  "Transform": [
		[
		  1.2190891629931524,
		  0.30818266615977147,
		  0.34343488270106015
		],
		[
		  -0.9284165623332556,
		  -0.30116319842386535,
		  -1.3895810399999549
		],
		[
		  0.8131083448610839,
		  1.1363742897412514,
		  2.174260895371541
		]
	  ]
	},
	"RL": {
	  "BCoefs": [
		4.896810754716106,
		0.6809650496278834
	  ],
	  "GCoefs": [
		7.403509709168792,
		0.5485700033064009
	  ],
	  "Model": [1.2871608615792307],
	  "RCoefs": [
		22.5154988641148,
		0.929171124704846
	  ],
	  "Transform": [
		[
		  1.0843893138777405,
		  0.2239270174084081,
		  0.19844475273821893
		],
		[
		  -0.4490624312958691,
		  -0.41158677872829064,
		  -1.235359901432313
		],
		[
		  0.46775091602455,
		  1.5760770813665417,
		  2.37113283886
		]
	  ]
	}
  }
}
