{
	"modification_date": 1762997889,
    "displayGains": [
        1,
        1,
        1
    ],
    "locationColorTransforms": {
        "Forehead": {
            "id": 0,
            "transform": [
                [
                    0.0,
                    12.56528153,
					0.0,
					0.0
                ],
                [
					0.0,
					0.0,
                    5.092146543,
					0.0
                ],
                [
					0.0,
					0.0,
					0.0,
                    3.710518266
                ]
            ]
        },
        "RightCheek": {
            "id": 1,
            "transform": [
                [
					0.0,
                    3.215950441,
					0.0,
					0.0
                ],
                [
					0.0,
					0.0,
                    2.100513378,
					0.0
                ],
                [
					0.0,
					0.0,
					0.0,
                    1.698749334
                ]
            ]
        },
        "LeftCheek": {
            "id": 2,
            "transform": [
                [
					0.0,
                    2.541190144,
					0.0,
					0.0
                ],
                [
					0.0,
					0.0,
                    1.627823229,
					0.0
                ],
                [
					0.0,
					0.0,
					0.0,
                    1.254514868
                ]
            ]
        },
        "RightCheekLower": {
            "id": 3,
            "transform": [
                [
					0.0,
                    2.615255798,
					0.0,
					0.0
                ],
                [
					0.0,
					0.0,
                    1.968778289,
					0.0
                ],
                [
					0.0,
					0.0,
					0.0,
                    1.281723992
                ]
            ]
        },
        "LeftCheekLower": {
            "id": 4,
            "transform": [
                [
					0.0,
                    1.969132398,
					0.0,
					0.0
                ],
                [
					0.0,
					0.0,
                    1.419943345,
					0.0
                ],
                [
					0.0,
					0.0,
					0.0,
                    0.9547798027
                ]
            ]
        },
        "RightCheekLowerLower": {
            "id": 5,
            "transform": [
                [
					0.0,
                    2.615255798,
					0.0,
					0.0
                ],
                [
					0.0,
					0.0,
                    1.968778289,
					0.0
                ],
                [
					0.0,
					0.0,
					0.0,
                    1.281723992
                ]
            ]
        },
        "LeftCheekLowerLower": {
            "id": 6,
            "transform": [
                [
					0.0,
                    1.969132398,
					0.0,
					0.0
                ],
                [
					0.0,
					0.0,
                    1.419943345,
					0.0
                ],
                [
					0.0,
					0.0,
					0.0,
                    0.9547798027
                ]
            ]
        },
        "ForeheadRight": {
            "id": 7,
            "transform": [
                [
					0.0,
                    12.56528153,
					0.0,
					0.0
                ],
                [
					0.0,
					0.0,
                    5.092146543,
					0.0
                ],
                [
					0.0,
					0.0,
					0.0,
                    3.710518266
                ]
            ]
        },
        "ForeheadLeft": {
            "id": 8,
            "transform": [
                [
					0.0,
                    12.56528153,
					0.0,
					0.0
                ],
                [
					0.0,
					0.0,
                    5.092146543,
					0.0
                ],
                [
					0.0,
					0.0,
					0.0,
                    3.710518266
                ]
            ]
        },
        "NoseBridge": {
            "id": 9,
            "transform": [
                [
					0.0,
                    12.56528153,
					0.0,
					0.0
                ],
                [
					0.0,
					0.0,
                    5.092146543,
					0.0
                ],
                [
					0.0,
					0.0,
					0.0,
                    3.710518266
                ]
            ]
        }
    }
}
